{"count":{"username":407.0,"profileImage":407.0,"self_desc":407.0,"readability":407.0,"post_text":407.0,"uclassify":407.0},"mean":{"username":0.428079128,"profileImage":0.6432020464,"self_desc":0.3362590406,"readability":0.4882935495,"post_text":0.4580343626,"uclassify":0.6132046371},"std":{"username":0.3611701935,"profileImage":0.155486492,"self_desc":0.2136370021,"readability":0.4237737866,"post_text":0.2796978788,"uclassify":0.3665199769},"min":{"username":0.0,"profileImage":0.31028983,"self_desc":-0.0507759787,"readability":-0.5302355403,"post_text":-0.0098747406,"uclassify":0.0000114928},"25%":{"username":0.1176470588,"profileImage":0.5322859883,"self_desc":0.1827104837,"readability":0.0180511776,"post_text":0.2346885651,"uclassify":0.3162331999},"50%":{"username":0.2222222222,"profileImage":0.6088501215,"self_desc":0.2953085601,"readability":0.5338775887,"post_text":0.4221580029,"uclassify":0.6936342707},"75%":{"username":0.8,"profileImage":0.7106306553,"self_desc":0.4503949136,"readability":0.9264928755,"post_text":0.6908211112,"uclassify":0.9793984355},"max":{"username":1.0,"profileImage":0.9972207546,"self_desc":0.9999998808,"readability":0.9999198038,"post_text":0.9999998808,"uclassify":1.0}}