{"count":{"username":409.0,"profileImage":409.0,"self_desc":409.0},"mean":{"username":0.4267114509,"profileImage":0.6381425849,"self_desc":0.3434507873},"std":{"username":0.3621441099,"profileImage":0.1541822576,"self_desc":0.2158947107},"min":{"username":0.0,"profileImage":0.31028983,"self_desc":-0.0507759787},"25%":{"username":0.1176470588,"profileImage":0.530598402,"self_desc":0.1901498437},"50%":{"username":0.2307692308,"profileImage":0.6021550298,"self_desc":0.3059843183},"75%":{"username":0.8,"profileImage":0.7024799585,"self_desc":0.4621565938},"max":{"username":1.0,"profileImage":0.9972207546,"self_desc":0.9999998808}}